Party,Address,GSTIN/UN
McKingsTown - ANNA NAGAR (Brand Outlet),"1734, 18th Main Rd, Bharathi Nagar, I Block, Anna Nagar, Chennai, Tamil Nadu 600040",33AMTPR1610C1ZB
McKingsTown - TAMBARAM,"No:149, Velachery Road, East Tambaram, Tambaram, Chennai, Tamil Nadu - 600059",NA
McKingsTown - SHENOY NAGAR,"No: 1/1, Shop - A, 7th West Cross Street, Bharathi Puram, Shenoy Nagar, Chennai, Tamil Nadu - 600030",NA
McKingsTown - MUTHUPET,"No: 263, Star Complex, Old Bus Stand, TTP Road, Muthupet, Tamil Nadu - 614704",NA
McKingsTown - KILPAUK,"No: 46/46D, Old No: 19, Barnaby Road, Kilpauk, Chennai, Tamil Nadu - 600010",NA
McKingsTown - PERUMBAKKAM,"Plot No: 27, Vijay Nagar, Perumbakkam, Sholinganallur Main Road, Medavakkam, Chennai, Tamil Nadu- 600100",NA
McKingsTown - VALASARAVAKKAM,"No: 50, Old No: 164, Arcot Road, Valasaravakkam, Chennai, Tamil Nadu - 600087",NA
McKingsTown - ADYAR (Brand Outlet),"No: 18/16, Second Main Road, near Nilgiris Super Market, Kasturba Nagar, Adyar, Chennai, Tamil Nadu - 600020",33BHAPM4731Q1Z
McKingsTown - NANGANALLUR,"5B, 6th Main Road, Opposite Independence Day Park, TNGO Colony, Nanganallur, Chennai, Tamil Nadu - 600061",NA
McKingsTown - PERVALUR,"No: 55, SRP Colony Main Road, 7th Street, Peravallur, Chennai, Tamil Nadu - 600082",NA
McKingsTown - P N PUDUR,"No.237/ 184, Marudhamalai Main Road, P.N Pudur, Coimbatore, Tamil Nadu - 641041",NA
McKingsTown - KODAMBAKKAM,"No:13, Murugesan Street, behind HDFC bank, Kodambakkam, Chennai, Tamil Nadu - 600024",NA
McKingsTown - KORATTUR,"No: 75-A, Railway Station Road, behind Korattur Bus Depot, Chennai, Tamil Nadu - 600080",NA
McKingsTown - MADIPAKKAM,"No: 22A, Sabari Salai, Ayyappan Nagar, Madipakkam, Chennai, Tamil Nadu - 600091",33CVKPS9549D1Z3
McKingsTown - MADHANANDAPURAM,"No: 29, Raja Rajeswari Nagar, Sarojini Street, Mugalivakkam Road, Madhanandapuram, Chennai, Tamil Nadu - 600125",NA
McKingsTown - AMBATUR PUDUR,"No. 175/70, Red Hills Main Road, Pudur, Ambattur, Chennai, Tamil Nadu - 600053",NA
McKingsTown - MOGAPPAIR EAST,"No: 5/448, MIG, Pari Salai, Mogappair East, Chennai, Tamil Nadu 600037",NA
McKingsTown - AYANAVARAM,"Old No: 334, New No: 138, Konnur High Road, Venkatesapuram Colony, Ayanavaram, Chennai, Tamil Nadu - 600023",NA
McKingsTown - AMINJIKARAI,"Plot No: 30, Door No: 16, Railway Colony 3rd Street, Nelson Manickam Road, Aminjikarai, Chennai, Tamil Nadu - 600029",NA
McKingsTown - SOWCARPET,"No: 72, Amman Koil Street, Sowcarpet, George Town, Chennai, Tamil Nadu - 600001",NA
McKingsTown - MOGAPPAIR WEST,"Plot No: C-5/2, Reddipalayam Road, Mogappair West, Nolambur, Chennai, Tamil Nadu - 600037",NA
McKingsTown - IYAPPANTHANGAL,"No: 2, Subbiah Nagar, A.N. Elumalai Salai, Oil Mill Road, Iyyappanthangal, Chennai, Tamil Nadu - 600056",NA
McKingsTown - BESANT NAGAR,"No: 61/C, Velankanni Church Road, Besant Nagar, Chennai, Tamil Nadu - 600090",NA
McKingsTown - KOVILAMBAKKAM,"PPR Complex, 1/70, Medavakkam Main Road, Nanmangalam, Chennai, Tamil Nadu - 600129",NA
McKingsTown - KOLATHUR,"STR Tower, No:109, Periyar Street, Red Hills Road, Makkaram Thottam, Kolathur, Chennai, Tamil Nadu - 600099",NA
McKingsTown - VINAYAGA PURAM,"No:16, GG Complex, Vignesh Nagar, Vinayagapuram, Chennai, Tamil Nadu - 600099",NA
McKingsTown - ROYAPURAM,"New No: 76, Old No: 41, West Madha Church Street, Royapuram, Chennai, Tamil Nadu - 600013",33MLXPS4755G1Z4
McKingsTown - KELAMBAKKAM,"Devraj Plaza, No:3/45, Rajiv Gandhi Salai, Kelambakkam, Chennai, Tamil Nadu - 603103",NA
McKingsTown - MOOLAKADAI,"No: 42-G, M. H. Road, Moolakadai, Chennai - 600060",NA
McKingsTown - MANAPAKKAM,"No: 2/559, Dr. Ambethkar Nagar, Manapakkam, Chennai, Tamil Nadu - 600125",NA
McKingsTown - SHOLINGANALLUR,"No:104, Sholinganallur, Old Mahabalipuram Road, Chennai, Tamil Nadu - 600119",NA
McKingsTown - VEPERY,"No:106, Vepery High Road, Chennai, Tamil Nadu - 600007",NA
McKingsTown - SALIGRAMAM KK NAGAR,"No:2/5, 6th Cross Street, 5th Main Street, Vijayaragavapuram, Saligramam, Chennai, Tamil Nadu - 600093",NA
McKingsTown - SALIGRAMAM JALPAN,"No:1, Plot No:36, Kalaignar Karunanidhi Salai, Saligramam, Chennai, Tamil Nadu - 600093",NA
McKingsTown - TIRUVOTTRIYUR,"Old No:161/1, New No:359, T.H.Road, Tiruvottriyur, Chennai, Tamil Nadu- 600019",NA
McKingsTown - EDAYARPALAYAM,"Koundampalayam Road, Edayarpalayam, Coimbatore, Tamil Nadu - 641025",NA
McKingsTown - ROYAPETTAH,"No:101, Dr. Besant Road, Royapettah, Chennai, Tamil Nadu - 600014",NA
McKingsTown - CHITLAPAKKAM,"No:14/21, Anna Street, Chitlapakkam, Chennai, Tamil Nadu - 600064",NA
McKingsTown - RAMAPURAM,"New No:4/2, Kalasathamman Koil Street, Ramapuram, Chennai, Tamil Nadu - 600089",NA
McKingsTown - WEST MAMBALAM,"No: 22, 37, Lake View Road, Jothi Nagar, West Mambalam, Chennai, Tamil Nadu - 600033",NA
McKingsTown - AMBATTUR OT,"No: 46, Cholambedu Rd, Tiruvenkadam Nagar, Cholapuram, Ambattur, Chennai, Tamil Nadu - 600053",NA
McKingsTown - VIDYARANYAPURA BANGLORE (Brand Outlet),"No: 465, 12th Main, 3 Block, HMT Layout, Vidyaranyapura, Bangalore - 560 097",NA
McKingsTown - MADAMBAKKAM,"No. 170, Maruthi Nagar, Madambakka Main Road, Madambakkam, Chennai - 600126",NA
McKingsTown - NAGAPATTINUM,"No: 6, Razack Building, Sir Ahmed St, ASN Colony, Melakottaivasal, Nagapattinam, Tamil Nadu - 611001",NA
McKingsTown - MADURAI,"Shenbakaam Towers, No: 9644/1, Sourashtrapuram, Anna Nagar, Madurai, 625 020",NA
McKingsTown - TRIRUPATI,"City Center Complex, 18-1-421, Beside Anjineyaswami Temple, Bhavani Nagar, Tirupati - 517501",NA
McKingsTown - MADIPAKKAM Chennai,"Plot No: 927, Bazaar Main Road, Ram Nagar South, Madipakkam, Chennai - 600 091",33CVKPS9549D1Z3
McKingsTown - KOTIVAKKAM,"1/583B , Kottivakkam, ECR, Chennai - 600041",NA
McKingsTown - THIRIVALLUR,"No: 69, C.V. Naidu Salai, Thiruvallur Town, Thiruvallur Taluk - 602001",NA
McKingsTown - PAMMAL,"No: 19/10, Gandhi Road, Anna Nagar, Pammal, Chennai - 600075",NA
McKingsTown - KARAIKAL,"No: 11, Deitha Street, Karaikal, Pondicherry - 609602",NA
McKingsTown - ADAJAN SURAT,"B-19, Monarch, NR Kalpvrux Garden, Gouravpath Road, Pal Adajan, Surat - 395009",NA
McKingsTown - KODUNGAIYUR (MKB Nagar),"#2/1, Plot No: 13A, 9th Street, Abirami Avenue, Kodungaiyur, Chennai - 600 118",NA
McKingsTown - PATTABIRAM,"No: 287, CTH Road, Pattabiram, Chennai - 600072",NA
McKingsTown - VILLIVAKKAM,"#123/259, MTH Road, Villivakkam, Chennai - 600 049",NA
McKingsTown - JAI NAGAR ARUMBAKKAM,"No: 20A/37, Jai Nagar, 1st Main Road, Arumbakkam, Chennai - 600106",NA
McKingsTown - MADHAVARAM,"No.1/1, Perumal Koil Street, Madhavaram, Chennai - 600060",NA
McKingsTown - ALWARPET,"No.5/1 (Old No.4/1), Ramaswamy Street, Alwarpet, Chennai - 600018",NA
McKingsTown - MADURAVOYAL,"No: 147, No: 85, Mettukuppam Road, Maduravoyal, Chennai - 600095",NA
McKingsTown - PERUNGALATHUR,"No. 35 and 36, Srinivasa Perumal Sannadhi Street, New Perungalathur, Chennai - 600 063",NA
McKingsTown - AYAPAKKAM,"Plot No. 9, TG Anna Nagar, Ayapakkam Main Road, Ambattur, Chennai - 600053",NA
McKingsTown - ALAPAKKAM,"Plot No. 12, 61 B, Alapakkam Main Road, Maduravoyal, Chennai - 600116",NA
Mckingstown - Ayappakkam TNHB Colony,"R73/A, Ayapakkam Housing Board Rd, Rajammal nagar, TNHB Colony, Annanur, Ayappakkam, Chennai, Tamil Nadu 600077",NA
McKingsTown - KILPAUK NEW,"Door No. 188E, Poonamallee High Road, Kilpauk, Chennai - 600010",NA
McKingsTown - TIRUPUR,"209/2, AKP Complex, Gandhi Road, Anupparpalayam Pudur, Tirupur - 641652",NA
McKingsTown - KUNDRATHUR,"Door No. 2, Ground Floor, Kundrathur Main Road, Moondram Kattalai, Chennai - 600069",NA
McKingsTown - THIRUVERKADU,"No. 41, Sivan Temple Road, Vallikollaimedu, Thiruverkadu Chennai, Tamil Nadu - 600077",NA
McKingsTown - SEMBAKKAM,"Plot No. 56/219 B, Velachery Main Road, Sembakkam, Chennai, Tamil Nadu- 600077",33ADMFS9874K1Z6
McKingsTown - VELACHERY,"New No. 11, Old No. 80 B, CSI Church Gate Road, Annai Indira Nagar, Velachery, Chennai - 600042",NA
McKingsTown - SAIBABA COIMBATORE,"No. 3, Bharathi Park Road, 8th Cross, Saibaba Colony, Coimbatore - 641011",NA
"McKingsTown - PAL ADAJAN, SURAT","Shop No. 16, Ground Floor, The Boulevard, Opp. Western Business Circle, Pal Adajan, Surat - 395009",NA
McKingsTown - ANNA NAGAR WEST,"No. 573-C, T.D Complex, Ground Floor, SBOA School Road, Anna Nagar West Extn, Chennai - 600101",NA
McKingsTown - SALEM,"No. 48/3, Rajaji Road, Peramanur, Salem, Tamil Nadu- 636007",NA
McKingsTown - TIRUPATTI 2ND,"Door No. 19-12-104 , Bairagipatteda, Tirupati- 517501",NA
McKingsTown - PUDUCHERRY,"Door No. 350, Ground floor, Villianur Main Rd, Nellithope, Nellitope, Puducherry, Tamil Nadu 605005",NA
McKingsTown - ALTHAN SURAT,"Shop No. 1, Ground Floor, Square one, near Sentosa Height,
Apcha Nagar, Althan, Surat, Gujarat 395017
",NA
McKingsTown - VESU SURAT,"GF- 12, Aakash Retail, Opp Square NM Mavani Road, 
Vesu, Magdalla, Surat, Gujarat 395007
",NA
McKingsTown - NUNGAMBAKKAM,"Door No. 33, 66, Valluvar Kottam High Rd, Nungambakkam, Chennai, Tamil Nadu 600034 next to CKs Bakery",NA
McKingsTown - GERUGAMBAKKAM,"Door No. 219, Ground Floor, Thiruveka Street, Gerugambakkam, 
Kancheepuram, Tamil Nadu 600122
",NA
McKingsTown - ERODE,"
H-27, E.V.N Road, Surampatti Naal Road, Erode- 638 009",NA
McKingsTown - PERUNGUDI,"No. 4, Panchayat Main Rd, Phase-1, Vijayendra Nagar, Perungudi, Chennai, Tamil Nadu-600096",NA
McKingsTown - AVADI,"Shop No. 25/1, Kamaraj Nagar, East Main Road, Avadi, Chennai, Tamil Nadu- 600071",NA
McKingsTown - SAIDAPET,"No. 1/1, Bharathi Street, Kaveri Nagar, Saidapet, Chennai, Tamil Nadu 600015",NA
McKingsTown - T NAGAR,"Unit No. A, Ground Floor of No. 2 Rajan street, Off Bazullah Road, Chennai, Tamil Nadu- 600017",NA
McKingsTown - PALLIKARNAI,"No.29, Velachery Main Road, Narayanapuram, Pallikaranai, Chennai, Tamil Nadu- 600100",NA
McKingsTown - MEDAVAKKAM,"7/499, Ground Floor, Velachery - Tambaram Main Road, Jalladianpet, Medavakkam, Chennai, Tamil Nadu- 600 100",NA
McKingsTown - KARAYAMBEDU,"No. 787, Nellikuppam Road, Moolakalani, Kayarambedu , Chengalpet, Tamil Nadu- 603202",NA
McKingsTown - KEELKATLAI,"No. 44, Kalaivani Street, Keelkattalai, Chennai- 600 117",NA
McKingsTown - MOTERA,"Shop No. 17 A, Central By Sangath IPL, Next To PVR Cinemas, Motera, Ahmedabad-380005 ",NA
McKingsTown - K. PUDUR,"No. 25, Iyer Bungalow Road, K. Pudur, Madurai, Tamil Nadu- 625 007",NA
McKingsTown - THUDIYALUR,"No. 114/2, Mayura Complex, NGGO Colony Gate, Mettupalayam Road, Thudiyalur, Tamil Nadu – 641017",NA
McKingsTown - EGMORE,"No. 6, Ground Floor, Halls Road, Tamil Salai, Egmore, Chennai, Tamil Nadu- 600008",33ABEPO5406D1Z4
McKingsTown - NAVALUR,"No.4/62, Ground Floor, Thiruvalluvar Street, Egattur, Near Navalur, Chennai, Tamil Nadu- 600130",NA
McKingsTown - PADUR,"Old No. 1/140, New No. 1/40 A Padur Vill & Po. OMR Main Road, Rajiv Gandhi Salai, Chengalpattu, Tamil Nadu 603103",NA
McKingsTown - SAMPATH NAGAR- ERODE,"Door No.71/1, Kasianna Street, Nasiyanur Road, Sampath Nagar, Edayankattuva Lasu, Erode, Tamil Nadu- 638011",NA
McKingsTown - KARAYANCHAVDI,"Door No. 57 & 58, Ground Floor, Avadi Main Road, Karayanchavadi, Poonamallee, Chennai, Tamil Nadu- 600056",NA
McKingsTown - MENAMBEDU,"No. 16/3, TNEB Colony, 3rd Avenue Menambedu, Village Karukku Main Road, Ambattur, Chennai, Tamil Nadu- 600053",NA
McKingsTown - MATHUR,"Plot No. 1892, 3rd Main Road,  Mathur,  MMDA,  Chennai,  Tamil Nadu- 600068",NA
McKingsTown - PERAMBUR,"No. 337-339, Paper Mills Road, Shop Nos. 1,3 & 10, Perambur, Chennai, Tamil Nadu- 600011",NA
"McKingsTown - GANPATHY, COIMBATORE","Door No. 15, Old Sathy Road, Ganapathy, Coimbatore -641006",NA
"McQueens - Thiruvanmiyur","No 6,south mada street,Thiruvanmiyur. Mcqueenstown",NA
McKingsTown - Perumbakkam-Nookampalayam Road,"370/2A, Ground Floor, Harsen Building, Nookampalayam Main Road, Perumbakkam, Chennai, Tamil Nadu- 600100",NA
McKingsTown - THIRUMULLAVOYAL,"Plot No. A1, Ground Floor, GV Mansarovar, West Mada Street, Thirumullaivoyal, Chennai, Tamil Nadu - 600062 ",33AFFFS4790H1ZR
McKingsTown - DUBAI (AL QUSAIS),"Mohammad Abdullah Bindemaithan Building, Building No. 11, Shop No. 4, Al Qusais Industrial 2, Damascus Street",NA
McKingsTown - Tiruchirappalli,"Mckingtown Kattur 3/244,Thanjai main road South Kattur Tiruchirappalli-620019",NA
"McQueens - Thiruvanmiyur","No 6,south mada street,Thiruvanmiyur. Mcqueenstown",NA
